sku;name
0027242833104;Sony Alpha SLT-A65VK Digital Camera with 18-55mm Lens
008562010109;Sony Cycle Energy NHAAB2KN 2000 mAh AA Pre-Charged Batteries (2 Pack)
027242596368;Sony MDR-J10 h.ear Headphones with Non-Slip Design (Blue)
027242693388;Sony MDR-J10 Clip-on Style Stereo Headphones (White)
027242736207;Sony 4 GB Memory Stick ProDuo
027242785540;Sony E-Mount SEL16F28 16mm f/2.8 Wide-Angle Alpha E-Mount Lens
027242786080;Sony SDHC Card 32 GB SF-32N4
008562010161;Sony Cycle Energy NHAAAB2KN 800 mAh AAA Pre-Charged Batteries (2 Pack)
027242556034;Sony WCS-999 Camera Mountable 900 MHz Lavalier Microphone System
027242560819;Sony RK-G129 Audio Connecting Cable for Portable Player to Amplifier (1.5 meters)
027242560826;Sony RK-G136 Audio Connecting Cord
027242694897;Sony 30DPR47RS4 DVD+R Recordable Media 16X 4.7GB 30-Pack Spindle
027242718432;Sony MDR-AS20J Active Style Headphones with Soft Loop Hangers (Black)
027242754294;Sony VGP-BPL14/S VAIO Extended Batteries (Silver)
027242758230;Sony VGP-BPS15/B VAIO Standard Batteries for P Series Lifestyle PC (Black)
027242758278;Sony VGP-AC10V2 - Power Adapter
027242764088;SONY VAIO CARRYING CASE
027242797062;Sony NP-FW50 Lithium-Ion Rechargeable Battery (1080mAh)
027242798755;Sony Alpha DSLR-SLT-A33 Digital Camera W/18-55mm Lens
027242812987;Sony Cyber-shot DSC-TX100 Digital Camera (Red)
027242815421;Sony BDP-BX58 Blu-ray Disc Player 3D Built-in Wireless
027242830592;"Sony 16GB 9.4"" Tablet S"
MA0121470619;Sony Alpha DSLR-SLT-A55 Digital Camera with 18-55mm zoom lens
027242630147;Sony NP-FT1 Info-Lithium-Ion Battery (3.6v 680mAh) for DSC-T1, T5, T33, L1 & M1 Digital Camera
027242630536;Sony NP-FR1 Info-Lithium Battery (3.6v 1220mAh) (For DSC-P100, P120, P150, P200, F88 & V3 Digital Cameras)
027242654266;Sony AC-L200 AC Adapter
027242744943;Sony VAIO VGP-CKSR1 carrying Case for the SR1 with Smart Protection (Black)
027242825321;Sony 32 GB Flash Memory Card
MA1032369152;Sony HDR-CX700V Camcorder
027242648944;Sony MDR-XD100 Stereo Headphones
027242781191;Sony BC-TRV Travel Charger
027242788305;Sony 8 GB PRO-HG Duo HX Memory Stick
027242820050;Sony HDR-CX360V Camcorder
4905524634945;"Sony Bravia KDL-32EX500 32"" 1080p LCD TV"
MA1060156806;Sony HDR-TD10 Full HD 3D Camcorder
027242723238;Sony NP-BK1 Rechargeable Lithium-Ion Battery (For Sony Cameras)
027242749313;Sony MDRNC7/WHI Noise Canceling on-ear headphones (White)
027242774490;Sony VAIO Lifestyle VGN-P688E/R 8-Inch Laptop - Red
027242799585;Sony 8 GB Flash Memory Card
027242807785;Sony MDR-ZX100 ZX Series Headphones (White)
027242842151;Sony HDR-CX210 High Definition Handycam Camcorder (Available Colors: Blue, Black or Silver)
073096700406;Sony Cycle Energy NHAAB2KN 2000 mAh AA Pre-Charged Batteries (2 Pack)
008562011953;Sony Cycle Energy BCG34HLD2RN 1000 mAh Power Charger with 2 AA Pre-Charged Batteries
027242538115;Sony VMC20FR AV Cable
027242610675;Sony NP-QM71D M-Series Info-Lithium Battery Pack (7.2v, 2760mAh)
027242779112;Sony NP-FV70 Rechargeable Camcorder Battery Pack (2060mAh, 8.4V)
027242626607;Sony MDR-J10 h.ear Headphones with Non-Slip Design (Black)
027242710030;Sony NP-FD1 D-Series Rechargeable Lithium-Ion Battery (3.6v, 680mAh)
027242843592;Sony Cyber-Shot DSC-W620 Digital Camera (Silver)
711719808503;Sony Wireless Stereo Headset (PS3)
027242548015;Sony NP-FM50 M-Series Info-Lithium Battery (7.2v 1180mAh)
027242723221;Sony NP-FG1 (G-Series) Rechargeable Lithium-Ion Battery
027242806528;Sony 8GB E Series Walkman Video MP3 Player (Blue)
027242773264;Sony NPBN1 Rechargeable Battery Pack
027242779099;Sony NP-FV50 Rechargeable Battery Pack (1030mAh, 8.4V)
711719813521;Sony SOCOM 4: U.S. Navy Seals (PS3)
027242786059;Sony SF-4N4 4 GB SDHC Card
027242786073;Sony SDHC Card 16 GB SF-16N4 (Black)
MA2030247693;Sony Alpha SLT-A77 DSLR Digital Camera (Body Only)
027242843967;Sony Cyber-shot DSC-HX10V Digital Camera (Silver)
027242838017;SONY NEX-VG20H E18-200MM
027242831384;Sony 4GB E Series Walkman Video MP3 Player (Red) 
027242843875;Sony Cyber-shot DSC-TX200V Digital Camera (Silver)
027242843905;Sony Cyber-shot DSC-HX200V Digital Camera
027242805224;Sony 85mm f/2.8 SAM Mid-range Telephoto Lens
027242785700;Sony 8GB microSDHC Memory Card Class 4 with microSD Adapter
027242836457;Sony BDP-S185
027242827509;Sony VAIO VPCEH11FX/B Netbook
027242833845;Sony Alpha NEX-7 Digital Camera with 18-55mm Lens (Black)
027242842199;Sony HDR-CX210 High Definition Handycam Camcorder (Blue)
027242842212;Sony HDR-CX210 High Definition Handycam Camcorder (Red)
027242724990;Sony VCT-50AV Tripod with Remote
027242680746;Sony VCT-1170RM Tripod with Two-way Head and Remote
711719220312;Sony PlayStation Vita Wi-Fi Gaming System
027242785618;Sony VMC-UAM1 USB Adapter Cable
027242860834;Sony NEX-VG30 Camcorder with 18-200mm f/3.5-6.3 Power Zoom Lens
027242838420;Sony RDP-X200IP Speaker Dock for iPod, iPhone & iPad
027242826748;Sony RDP-X500IP Speaker Dock for iPod, iPhone, iPad
027242862081;Sony Cyber-shot DSC-W710 Digital Camera (Pink)
027242862074;Sony Cyber-shot DSC-W710 Digital Camera (Black)
027242862173;Sony Cyber-shot DSC-W730 Digital Camera (Silver)
027242830745;Sony HXR-NX70U NXCAM Compact Camcorder
